{
  "hash": "7473df9c",
  "configHash": "993be75d",
  "lockfileHash": "e05e25fb",
  "browserHash": "4ea91eb1",
  "optimized": {
    "@angular/cdk/dialog": {
      "src": "../../../../../node_modules/@angular/cdk/fesm2022/dialog.mjs",
      "file": "@angular_cdk_dialog.js",
      "fileHash": "0a6e2654",
      "needsInterop": false
    },
    "@angular/common": {
      "src": "../../../../../node_modules/@angular/common/fesm2022/common.mjs",
      "file": "@angular_common.js",
      "fileHash": "3198dadd",
      "needsInterop": false
    },
    "@angular/common/http": {
      "src": "../../../../../node_modules/@angular/common/fesm2022/http.mjs",
      "file": "@angular_common_http.js",
      "fileHash": "6dd1dfdf",
      "needsInterop": false
    },
    "@angular/core": {
      "src": "../../../../../node_modules/@angular/core/fesm2022/core.mjs",
      "file": "@angular_core.js",
      "fileHash": "20c2ea29",
      "needsInterop": false
    },
    "@angular/forms": {
      "src": "../../../../../node_modules/@angular/forms/fesm2022/forms.mjs",
      "file": "@angular_forms.js",
      "fileHash": "16972b86",
      "needsInterop": false
    },
    "@angular/platform-browser": {
      "src": "../../../../../node_modules/@angular/platform-browser/fesm2022/platform-browser.mjs",
      "file": "@angular_platform-browser.js",
      "fileHash": "cef55e00",
      "needsInterop": false
    },
    "@angular/platform-browser/animations": {
      "src": "../../../../../node_modules/@angular/platform-browser/fesm2022/animations.mjs",
      "file": "@angular_platform-browser_animations.js",
      "fileHash": "ad687120",
      "needsInterop": false
    },
    "@angular/router": {
      "src": "../../../../../node_modules/@angular/router/fesm2022/router.mjs",
      "file": "@angular_router.js",
      "fileHash": "cf1d08cd",
      "needsInterop": false
    },
    "@ng-bootstrap/ng-bootstrap": {
      "src": "../../../../../node_modules/@ng-bootstrap/ng-bootstrap/fesm2022/ng-bootstrap.mjs",
      "file": "@ng-bootstrap_ng-bootstrap.js",
      "fileHash": "9ce408b1",
      "needsInterop": false
    },
    "@ng-select/ng-select": {
      "src": "../../../../../node_modules/@ng-select/ng-select/fesm2022/ng-select-ng-select.mjs",
      "file": "@ng-select_ng-select.js",
      "fileHash": "f30630fa",
      "needsInterop": false
    },
    "ngx-toastr": {
      "src": "../../../../../node_modules/ngx-toastr/fesm2022/ngx-toastr.mjs",
      "file": "ngx-toastr.js",
      "fileHash": "751b701b",
      "needsInterop": false
    },
    "rxjs": {
      "src": "../../../../../node_modules/rxjs/dist/esm5/index.js",
      "file": "rxjs.js",
      "fileHash": "389c5ef8",
      "needsInterop": false
    },
    "rxjs/operators": {
      "src": "../../../../../node_modules/rxjs/dist/esm5/operators/index.js",
      "file": "rxjs_operators.js",
      "fileHash": "e42ad099",
      "needsInterop": false
    }
  },
  "chunks": {
    "chunk-6GP4QW2Z": {
      "file": "chunk-6GP4QW2Z.js"
    },
    "chunk-2VTKISMU": {
      "file": "chunk-2VTKISMU.js"
    },
    "chunk-NFTKU6FH": {
      "file": "chunk-NFTKU6FH.js"
    },
    "chunk-3NU2KUOG": {
      "file": "chunk-3NU2KUOG.js"
    },
    "chunk-4UTMUNVM": {
      "file": "chunk-4UTMUNVM.js"
    },
    "chunk-7XYLTVQC": {
      "file": "chunk-7XYLTVQC.js"
    },
    "chunk-LMFWYZLC": {
      "file": "chunk-LMFWYZLC.js"
    },
    "chunk-KT3RQDJZ": {
      "file": "chunk-KT3RQDJZ.js"
    },
    "chunk-RVQ3RH6Y": {
      "file": "chunk-RVQ3RH6Y.js"
    }
  }
}